{
  "frxAUDJPY": "AUD/JPY",
  "frxAUDUSD": "AUD/USD",
  "frxEURAUD": "EUR/AUD",
  "frxEURCAD": "EUR/CAD",
  "frxEURCHF": "EUR/CHF",
  "frxEURGBP": "EUR/GBP",
  "frxEURJPY": "EUR/JPY",
  "frxEURUSD": "EUR/USD",
  "frxGBPAUD": "GBP/AUD",
  "frxGBPJPY": "GBP/JPY",
  "frxGBPUSD": "GBP/USD",
  "frxUSDCAD": "USD/CAD",
  "frxUSDCHF": "USD/CHF",
  "frxUSDJPY": "USD/JPY",
  "frxAUDCAD": "AUD/CAD",
  "frxAUDCHF": "AUD/CHF",
  "frxAUDNZD": "AUD/NZD",
  "frxAUDPLN": "AUD/PLN",
  "frxEURNZD": "EUR/NZD",
  "frxGBPCAD": "GBP/CAD",
  "frxGBPCHF": "GBP/CHF",
  "frxGBPNOK": "GBP/NOK",
  "frxGBPNZD": "GBP/NZD",
  "frxGBPPLN": "GBP/PLN",
  "frxNZDJPY": "NZD/JPY",
  "frxNZDUSD": "NZD/USD",
  "frxUSDMXN": "USD/MXN",
  "frxUSDNOK": "USD/NOK",
  "frxUSDPLN": "USD/PLN",
  "frxUSDSEK": "USD/SEK",
  "frxXAUUSD": "Gold/USD",
  "frxXPDUSD": "Palladium/USD",
  "frxXPTUSD": "Platinum/USD",
  "frxXAGUSD": "Silver/USD"
}